{
	"id": "4bf59a44-815e-46f5-a2d8-503b28f09108",
	"name": "RMS Prod Environment",
	"values": [
		{
			"key": "PAYMENT_HOST",
			"value": "pay.fiuu.com",
			"type": "default",
			"enabled": true
		},
		{
			"key": "OPA_PAYMENT_HOST",
			"value": "opa.fiuu.com",
			"type": "default",
			"enabled": true
		},
		{
			"key": "API_HOST",
			"value": "api.fiuu.com",
			"type": "default",
			"enabled": true
		},
		{
			"key": "MERCHANT_ID",
			"value": "",
			"type": "default",
			"enabled": true
		},
		{
			"key": "VERIFY_KEY",
			"value": "",
			"type": "default",
			"enabled": true
		},
		{
			"key": "PRIVATE_KEY",
			"value": "",
			"type": "default",
			"enabled": true
		},
		{
			"key": "CHECKSUM",
			"value": "",
			"type": "default",
			"enabled": true
		},
		{
			"key": "SIGNATURE",
			"value": "",
			"type": "any",
			"enabled": true
		},
		{
			"key": "OPA_SECRET_KEY",
			"value": "",
			"type": "default",
			"enabled": true
		},
		{
			"key": "APPLICATION_CODE",
			"value": "",
			"type": "default",
			"enabled": true
		}
	],
	"_postman_variable_scope": "environment",
	"_postman_exported_at": "2025-05-20T10:05:20.188Z",
	"_postman_exported_using": "Postman/11.45.5"
}