{
	"id": "e7594124-1d47-4d79-96b9-dd86d7e803b7",
	"name": "RMS Sandbox Environment",
	"values": [
		{
			"key": "PAYMENT_HOST",
			"value": "sandbox-pay.fiuu.com",
			"type": "default",
			"enabled": true
		},
		{
			"key": "OPA_PAYMENT_HOST",
			"value": "sandbox-api.fiuu.com",
			"type": "default",
			"enabled": true
		},
		{
			"key": "API_HOST",
			"value": "sandbox-opa.fiuu.com",
			"type": "default",
			"enabled": true
		},
		{
			"key": "MERCHANT_ID",
			"value": "",
			"type": "default",
			"enabled": true
		},
		{
			"key": "VERIFY_KEY",
			"value": "",
			"type": "default",
			"enabled": true
		},
		{
			"key": "PRIVATE_KEY",
			"value": "",
			"type": "default",
			"enabled": true
		},
		{
			"key": "CHECKSUM",
			"value": "",
			"type": "default",
			"enabled": true
		},
		{
			"key": "SIGNATURE",
			"value": "",
			"type": "any",
			"enabled": true
		},
		{
			"key": "OPA_SECRET_KEY",
			"value": "",
			"type": "default",
			"enabled": true
		},
		{
			"key": "APPLICATION_CODE",
			"value": "",
			"type": "default",
			"enabled": true
		}
	],
	"_postman_variable_scope": "environment",
	"_postman_exported_at": "2025-05-20T10:05:26.204Z",
	"_postman_exported_using": "Postman/11.45.5"
}