{
	"id": "51a11320-1f41-4e8b-b432-efa899b256a3",
	"name": "RMS Sand Environment",
	"values": [
		{
			"key": "Payment_Url",
			"value": "sandbox.merchant.razer.com",
			"type": "default",
			"enabled": true
		},
		{
			"key": "API_Url",
			"value": "sandbox.merchant.razer.com",
			"type": "default",
			"enabled": true
		},
		{
			"key": "MerchantID",
			"value": "",
			"type": "default",
			"enabled": true
		},
		{
			"key": "VerifyKey",
			"value": "",
			"type": "default",
			"enabled": true
		},
		{
			"key": "PrivateKey",
			"value": "",
			"type": "default",
			"enabled": true
		}
	],
	"_postman_variable_scope": "environment",
	"_postman_exported_at": "2022-01-13T08:37:54.934Z",
	"_postman_exported_using": "Postman/9.8.2"
}